www.apple.com,number of outlinks: 112
www.apple.com#ac-gn-menustate,number of outlinks: 112
www.apple.com#,number of outlinks: 112
www.apple.com-,number of outlinks: 112
www.apple.com-us-shop-goto-bag,number of outlinks: 86
www.apple.com-us-search,number of outlinks: 93
www.apple.com-mac-,number of outlinks: 166
www.apple.com-ipad-,number of outlinks: 130
www.apple.com-iphone-,number of outlinks: 133
www.apple.com-watch-,number of outlinks: 129
www.apple.com-tv-,number of outlinks: 106
www.apple.com-music-,number of outlinks: 113
support.apple.com,number of outlinks: 84
www.apple.com-us-shop-goto-bag,number of outlinks: 86
www.apple.com-us-shop-goto-buy_iphone-iphone_xr,number of outlinks: 222
www.apple.com-us-shop-goto-trade_in,number of outlinks: 134
www.apple.com-iphone-xr-,number of outlinks: 136
www.apple.com-us-shop-goto-buy_iphone-iphone_xr,number of outlinks: 222
www.apple.com-iphone-xs-,number of outlinks: 141
www.apple.com-us-shop-goto-buy_iphone-iphone_xs,number of outlinks: 222
www.apple.com-apple-watch-series-4-,number of outlinks: 121
www.apple.com-us-shop-goto-apple_watch,number of outlinks: 99
